年 销售 达 万 东风 发布 事业 计划,0.0,0,汽车
新 花冠 最新消息,0.0,0,汽车
大众汽车 中国,0.0,0,汽车
华晨 威虎 赛车 嘉年华,0.0,0,汽车
小 身材 大肚量 款大 空间 掀背 小车 帮 挑,0.0,0,汽车
胡队 札记 十七 － － 重现 历史,0.0,0,汽车
上汽 通用五菱 相关 新闻,0.0,0,汽车
彪悍 昂贵 美国 警车,0.0,0,汽车
中国 成都 车市 总评榜 开评,0.0,0,汽车
安吉 黄 帽子 推出 会员 年度 关怀 卡,2.0,0,IT
月 日 粮油 肉类 禽蛋 奶类 价格 稳定,13.0,1,国际
理财产品 频 创新 票据 市场 重现 活力,1.0,1,财经
月 全国 规模 工业 企业 增加值 同比 增长 ．,1.0,1,财经
Ｓ Ｓ Ｔ 湖科 正式 终止 重组 退出 股改,1.0,1,财经
德意志银行 报告 亿美元 热钱 流入 中国,1.0,1,财经
重 点 市场 期盼 Ｂ 浪 反弹,1.0,1,财经
有色金属 预期 需求 疲弱 金属 价格 回落,1.0,1,财经
证监会 有序 推进 证券业 资本 市场 对外开放,1.0,1,财经
把握 两条 线索 挖掘 行业 机会,1.0,1,财经
食品饮料 子 行业 盈利 两极分化,1.0,1,财经
中星 九号 发射成功 奥运会 前 投入使用 图,2.0,2,IT
盖茨 访问 日本,2.0,2,IT
疲软 任天堂,1.0,2,财经
凶猛 黑豹 决战 蟒蛇 活活 巨蟒 咬 死 图,2.0,2,IT
美 最新 最新 月球车 螃蟹 可载 七到 八人 组图,2.0,2,IT
Ｓ ｕ ｎ 服务器 中 采用 固态 磁盘,2.0,2,IT
Ｇ 试 商用 点燃 供应商 热情 中兴 下放 中 营业厅,2.0,2,IT
Ｍ ｏ ｚ ｉ ｌ ｌ ａ 推 新版 Ｆ ｉ ｒ ｅ ｆ ｏ ｘ 挑战 Ｉ Ｅ Ｓ ａ ｆ ａ ｒ ｉ,2.0,2,IT
暴风 影音 偷偷,2.0,2,IT
月 日 中国 概念股 下跌 搜狐 逆市 大涨 ．,2.0,2,IT
口气 预知 疾病,3.0,3,健康
我国 禁毒 形势 依然 不容乐观 农民工 易 染毒,11.0,3,社会
马 长生 做客 搜狐 健康,4.0,3,体育
王勤 环 教授 谈 慢性 乙肝 治疗 目标,3.0,3,健康
搜狐 健康,3.0,3,健康
月经不调 预防 治疗,3.0,3,健康
新生儿 低血糖 引发 脑瘫 医院 被判 赔偿 万元,11.0,3,社会
心理 救助 师 救灾 过度 劳累 开车 睡着 追尾 身亡,11.0,3,社会
郑州 医保 缴费 标准 下调 大学生 参保 元,11.0,3,社会
视频 运动 大脑 聪明 有助 提高 记忆力 注意力,3.0,3,健康
组图 穆雷 摔倒 拇指 受伤 稚气 古尔 比斯 草场 做秀,4.0,4,体育
组图 王励勤 女友 大比拼 小爱 可爱 赵薇 性感,4.0,4,体育
图文 美国 高尔夫 公开赛 次轮 加西亚 充满 自信,4.0,4,体育
图文 利百特 到访 观澜湖 球 全体 合影 留恋,4.0,4,体育
历数 跑 进 秒 优秀 选手 刘翔 罗伯斯 堪称 当代 双雄,4.0,4,体育
组图 巴西 历史 首负 超级 鱼腩 迭戈 制造 唯一 威胁,4.0,4,体育
图文 焦 科维奇 晋级 伦敦 草地 杯四强 发球 瞬间,4.0,4,体育
组图 全场 闷战 里 贝里 领衔 法国 天才 首秀 欧洲杯,4.0,4,体育
图文 欧洲杯 举办地 准备就绪 希腊 作战,4.0,4,体育
荷兰 Ｖ Ｓ 法国 首发 亨利 伤愈 复出 两队 祭 阵型,4.0,4,体育
B 澳门 签注 收紧 实行 一月 一签,5.0,5,旅游
就要 上万 市民 质疑 台湾 游成 贵族 游,5.0,5,旅游
埃及 第一 神庙 － － 阿布辛 贝 神庙,5.0,5,旅游
非洲 本色 图,5.0,5,旅游
九寨沟 美景 图,5.0,5,旅游
九寨沟 美景 图,5.0,5,旅游
热点 推荐,5.0,5,旅游
西湖 十大 美景 图,5.0,5,旅游
大图 欣赏,5.0,5,旅游
普通高校 招生 统一 考试 山东 卷 语文,6.0,6,教育
贵州 都市报 － 搜狐 教育 中心 高考 专区,6.0,6,教育
年 全国 高考 上海卷 语文科 试题 答案,6.0,6,教育
全国 高考 湖南 试题 答案 语文,6.0,6,教育
年 高考 湖南 卷 理科 综合 能力 测试 试题 答案,6.0,6,教育
年 高考 全国 卷 文科 数学 答案,6.0,6,教育
专家 提醒 高考 填报 志愿 应 收集 四类 信息,6.0,6,教育
广东 陪考 家长 增加 三成 煞费苦心 讨 彩头 图,12.0,6,国内
年 高考 山东 卷 理科 数学试题 答案,6.0,6,教育
年 高考 江苏省 化学试题 答案,6.0,6,教育
公司 服务,7.0,7,招聘
职业培训,1.0,7,财经
个人特长 常用语,1.0,7,财经
公司 服务,7.0,7,招聘
Ｃ ｏ ｍ ｐ ｕ ｔ ｅ ｒ ｓ ａ ｎ ｄ Ｍ ａ ｔ ｈ ｅ ｍ ａ ｔ ｉ ｃ ｓ 计算机,2.0,7,IT
处乱不惊 本事,4.0,7,体育
丢失 钱,7.0,7,招聘
行政助理,4.0,7,体育
公司 服务,7.0,7,招聘
公司 服务,7.0,7,招聘
迅雷 突围 内容 Ｖ Ｓ 渠道 侵权者,2.0,8,IT
＂ 东京 血案 ＂ 震惊 外,11.0,8,社会
Ｌ ｕ ｎ ｕ ｇ ａ ｎ ｇ ａ 树枝 做 书架,8.0,8,文化
文化,5.0,8,旅游
新版 红楼梦 宝黛钗 定妆 组图,8.0,8,文化
韩寒 莎 朗斯 通 开脱 骂 脑残 自称 灰心,8.0,8,文化
孙悟空 新造型 争议 四起,15.0,8,娱乐
风光 未必 出息 赵 长天 点评 新 概念,14.0,8,房产
新版 红楼 造型 曝光 少年 黛玉似 中年 怨妇 图,8.0,8,文化
李沁 入选 少年 宝钗 弃学 跳槽 图,8.0,8,文化
扩充 欧洲 指挥部 特别 指挥 办公室,13.0,9,国际
高处 眼睛 美 浮空器 项目 关注 军种 间 互操作性,9.0,9,军事
组图 抗震救灾 英雄 迟到 婚礼,9.0,9,军事
美军 启动 天基 拦截 计划 概况,12.0,9,国内
美国 弹道导弹 攻击 威胁 将建 下一代 巡洋舰,9.0,9,军事
美 分析 歼 技术 起源 称歼 － Ｃ 轰炸机 问世,9.0,9,军事
感谢 党中央 派 救命 解放军,11.0,9,社会
中国 长城 号 反恐 演习 首次 动用 警用 直降机,9.0,9,军事
波音公司 军用 太空 资源 发展 看法,9.0,9,军事
巴基斯坦 科学家 否认 曾 核武 蓝图 卖 伊朗 朝鲜,9.0,9,军事
组图 奥运 火炬 西宁 站 街头 职业 追火人,10.0,10,奥运
组图 圣火 百色 传递 末棒 火炬手 王军 点燃 圣 火盆,10.0,10,奥运
组图 火炬 到来 延安 做 街头 奥运 气氛 浓,10.0,10,奥运
组图 著名 主持人 杨乐乐 长沙 传递 露 迷人 笑容,10.0,10,奥运
图文 圣火 南昌 站 棒 火炬手 传递 祥云,10.0,10,奥运
圣火 传递 爱心 联想 全球 高管 火炬手 渝 献爱心,10.0,10,奥运
宁夏回族自治区 吴忠市 旅游景点,10.0,10,奥运
火炬手 朱继业 传递 中 五星红旗 最令 感动,10.0,10,奥运
香格里拉 城市 名片 火炬 照耀 人间天堂,10.0,10,奥运
图文 火炬 传递 广州 站 棒 火炬手 传递 祥云,10.0,10,奥运
浙江 绍兴 制成 ． 米 丝绸 长卷 纪录 汶川 地震 图,13.0,11,国际
北京奥运 福娃 多伦多 龙舟节 彰显 中国 魅力,13.0,11,国际
四川 灾后 首批 工人 抵 北京 清洁工 月工资 元,12.0,11,国内
广东 佛山 暴雨 来临 白昼 如夜 图,11.0,11,社会
广西 平乐县 遭遇 历史 罕见 特大 洪灾 组图,13.0,11,国际
广东 怀集 遭 风神 侵袭 突发 山洪 人 死亡,11.0,11,社会
朝美 磋商 成果,11.0,11,社会
宜对 城市防洪 立法,12.0,11,国内
国有 公司 董事长 兼任 经理,1.0,11,财经
朝鲜 邀请 五国 电视台 报道 冷却塔 爆破 过程,11.0,11,社会
浙江 绍兴 制成 ． 米 丝绸 长卷 纪录 汶川 地震 图,13.0,12,国际
北京奥运 福娃 多伦多 龙舟节 彰显 中国 魅力,13.0,12,国际
四川 灾后 首批 工人 抵 北京 清洁工 月工资 元,12.0,12,国内
广东 佛山 暴雨 来临 白昼 如夜 图,11.0,12,社会
广西 平乐县 遭遇 历史 罕见 特大 洪灾 组图,13.0,12,国际
广东 怀集 遭 风神 侵袭 突发 山洪 人 死亡,11.0,12,社会
朝美 磋商 成果,11.0,12,社会
宜对 城市防洪 立法,12.0,12,国内
国有 公司 董事长 兼任 经理,1.0,12,财经
朝鲜 邀请 五国 电视台 报道 冷却塔 爆破 过程,11.0,12,社会
浙江 绍兴 制成 ． 米 丝绸 长卷 纪录 汶川 地震 图,13.0,13,国际
北京奥运 福娃 多伦多 龙舟节 彰显 中国 魅力,13.0,13,国际
四川 灾后 首批 工人 抵 北京 清洁工 月工资 元,12.0,13,国内
广东 佛山 暴雨 来临 白昼 如夜 图,11.0,13,社会
广西 平乐县 遭遇 历史 罕见 特大 洪灾 组图,13.0,13,国际
广东 怀集 遭 风神 侵袭 突发 山洪 人 死亡,11.0,13,社会
朝美 磋商 成果,11.0,13,社会
宜对 城市防洪 立法,12.0,13,国内
国有 公司 董事长 兼任 经理,1.0,13,财经
朝鲜 邀请 五国 电视台 报道 冷却塔 爆破 过程,11.0,13,社会
公司 电子公告 服务 严格遵守,14.0,14,房产
公司 电子公告 服务 严格遵守,14.0,14,房产
专家 缺乏 理论指导 房地产 信托 先天不足,14.0,14,房产
开发商 抛地 止损 便宜 同行 便宜 市场,14.0,14,房产
宏观经济 由热 趋稳 物价上涨 压力 较大,1.0,14,财经
公司 电子公告 服务 严格遵守,14.0,14,房产
出售,14.0,14,房产
公司 电子公告 服务 严格遵守,14.0,14,房产
公司 电子公告 服务 严格遵守,14.0,14,房产
回复 奥运 过后 房价 加速 下跌 断供 一个 人,14.0,14,房产
王丽雅 走秀 自爆 喝水 太 少 导致 尿血 胃痉挛 图,15.0,15,娱乐
林心如 文章 爱 日月潭,15.0,15,娱乐
胡静 撬 杨紫琼 旧爱 富豪 男友 机场 吻别,15.0,15,娱乐
音乐 演出,15.0,15,娱乐
电影节 特别 论坛 尹力 第一线 本能,15.0,15,娱乐
大兵 相声 革命 七八年 图,8.0,15,文化
． － ． 北美票房 绿巨人 力压 破天 慌,15.0,15,娱乐
恶 男 事件,15.0,15,娱乐
组图 上海 国际 电影节 开幕 嘉宾 亮相 爱心 通道,15.0,15,娱乐
组图 搜狐 上影 战略 合作 签约 仪式 现场,15.0,15,娱乐
全国 城市 男人 最有 魅力 基因,16.0,16,女性
刘翔 姚明 跨界 赛场 外 精彩,16.0,16,女性
春意盎然 梵 克雅 宝 顶级 珠宝 腕表,16.0,16,女性
导致 男人 不爱 回家 装修 方法,16.0,16,女性
办公室 丽人 午饭 后 小时,16.0,16,女性
年 月 外刊 封面 大赏,16.0,16,女性
陈晓东 曾黎 魅惑 艳照,16.0,16,女性
古典 美,16.0,16,女性
探寻 灾区 废墟 精神 世界,16.0,16,女性
北京 周边 八座 爬起来 不算 累 山,16.0,16,女性
学校,1.0,17,财经
